{"edges":[{"source":"_0708fe14feb877b796bcff93844f33a0","sourceHandle":"number","target":"_3f5c1164b9479eb2cc71a56334a58284","targetHandle":"metalness","type":"CloseEdge","id":"reactflow__edge-_0708fe14feb877b796bcff93844f33a0number-_3f5c1164b9479eb2cc71a56334a58284metalness","animated":false,"style":{"stroke":""},"selected":false},{"source":"_ae0e89227dede443f9e2e05ac21db90c","sourceHandle":"color","target":"_3f5c1164b9479eb2cc71a56334a58284","targetHandle":"color","type":"CloseEdge","id":"reactflow__edge-_ae0e89227dede443f9e2e05ac21db90ccolor-_3f5c1164b9479eb2cc71a56334a58284color","animated":false,"style":{"stroke":""},"selected":false},{"source":"_092dc43c73c1d7906e93f17ae7254e32","sourceHandle":"number","target":"_3f5c1164b9479eb2cc71a56334a58284","targetHandle":"ior","type":"CloseEdge","id":"reactflow__edge-_092dc43c73c1d7906e93f17ae7254e32number-_3f5c1164b9479eb2cc71a56334a58284ior","animated":false,"style":{"stroke":""},"selected":false},{"id":"_6e4f149033a0e25bf10cc5a447f8651d","source":"_158c80b437120b6f815b740fdbe6c82e","sourceHandle":"number","target":"_3f5c1164b9479eb2cc71a56334a58284","targetHandle":"transmission","type":"CloseEdge","animated":false,"style":{"stroke":""},"selected":false},{"id":"_9bdc46591c6cf0e2e4f10a4f42f75ad6","source":"_a7a4a4ad8ef00e8f3ed49cbaf59b4156","sourceHandle":"number","target":"_3f5c1164b9479eb2cc71a56334a58284","targetHandle":"thickness","type":"CloseEdge","animated":false,"style":{"stroke":""},"selected":false},{"id":"_462d7d19942cd8df3ab8035411501cad","source":"_ad2cdaddf00dc4fcda901d6f14ef3e3a","sourceHandle":"number","target":"_3f5c1164b9479eb2cc71a56334a58284","targetHandle":"roughness","type":"CloseEdge","animated":false,"style":{"stroke":""},"selected":false},{"source":"_3f5c1164b9479eb2cc71a56334a58284","sourceHandle":"material","target":"_1177baf99b7ddc2c2e15cc9e23ab5822","targetHandle":"material","type":"CloseEdge","id":"reactflow__edge-_3f5c1164b9479eb2cc71a56334a58284material-_1177baf99b7ddc2c2e15cc9e23ab5822material","animated":false,"style":{"stroke":""},"selected":false},{"source":"_443eef76b160a44cebeb8397d1321ddc","sourceHandle":"color","target":"_877d44e30fb3553c5daf92687f967293","targetHandle":"color","type":"CloseEdge","id":"reactflow__edge-_443eef76b160a44cebeb8397d1321ddccolor-_877d44e30fb3553c5daf92687f967293color","animated":false,"style":{"stroke":""},"selected":false},{"source":"_3f5c1164b9479eb2cc71a56334a58284","sourceHandle":"material","target":"_877d44e30fb3553c5daf92687f967293","targetHandle":"receiver","type":"CloseEdge","id":"reactflow__edge-_3f5c1164b9479eb2cc71a56334a58284material-_877d44e30fb3553c5daf92687f967293receiver","animated":false,"style":{"stroke":""},"selected":false},{"id":"_538740fbffc05ab57bc23ea7aa71f92d","source":"_6ffae9f55892618dd0acc9c5f18934f3","sourceHandle":"number","targetHandle":"roughness","target":"_877d44e30fb3553c5daf92687f967293","type":"CloseEdge","selected":false,"animated":false,"style":{"stroke":""}},{"id":"_0d3aca6750ceb9feb2125881b06d4696","source":"_877d44e30fb3553c5daf92687f967293","sourceHandle":"material","targetHandle":"receiver","target":"_e116a68dd57c642c2eb9231d72e9c385","type":"CloseEdge","animated":false,"style":{"stroke":""},"selected":false},{"source":"_e116a68dd57c642c2eb9231d72e9c385","sourceHandle":"material","target":"_720867cb41eb9a4c9915406c354115a1","targetHandle":"material","type":"CloseEdge","id":"reactflow__edge-_e116a68dd57c642c2eb9231d72e9c385material-_720867cb41eb9a4c9915406c354115a1material","animated":false,"style":{"stroke":""},"selected":false},{"id":"_e4418c509787229a693e4cb1aecd34fd","source":"_6f0fc75aa48c49e125ad1b72e98e4882","sourceHandle":"color","targetHandle":"color","target":"_e116a68dd57c642c2eb9231d72e9c385","type":"CloseEdge","animated":false,"style":{"stroke":""},"selected":false},{"source":"_877d44e30fb3553c5daf92687f967293","sourceHandle":"material","target":"_6ec428213876a559257188818bb07b20","targetHandle":"material","type":"CloseEdge","id":"reactflow__edge-_877d44e30fb3553c5daf92687f967293material-_6ec428213876a559257188818bb07b20material","animated":false,"style":{"stroke":""}},{"source":"_96bc994836ee9aea60652e4cc8d7c4c4","sourceHandle":"geometry","target":"_720867cb41eb9a4c9915406c354115a1","targetHandle":"geometry","type":"CloseEdge","id":"reactflow__edge-_96bc994836ee9aea60652e4cc8d7c4c4geometry-_720867cb41eb9a4c9915406c354115a1geometry","animated":false,"style":{"stroke":""}},{"id":"_675c6ba9a3f42c6b88cc29b0ec9aa529","source":"_f88a2ee5f04eb6b49419253c74db6f8c","sourceHandle":"geometry","targetHandle":"geometry","target":"_1177baf99b7ddc2c2e15cc9e23ab5822","type":"CloseEdge","animated":false,"style":{"stroke":""}},{"id":"_620428baeb69a6f1e0e15fe4d159aa39","source":"_99d8a7e82ad7082a467f8bac0906fbca","sourceHandle":"geometry","targetHandle":"geometry","target":"_6ec428213876a559257188818bb07b20","type":"CloseEdge","animated":false,"style":{"stroke":""}},{"id":"_b1ee0dbc65b95b50521088e37edcf7f8","source":"_5b665d002e6960adf5b3d8c26d6378ff","sourceHandle":"number","targetHandle":"roughness","target":"_e116a68dd57c642c2eb9231d72e9c385","type":"CloseEdge"}],"nodes":[{"width":345,"height":42,"type":"ColorPicker","data":{"label":"colorPicker1","color":"#ffffff","isExposed":true,"isGroupedForExpose":true,"groupName":"color"},"position":{"x":-460,"y":-190},"id":"_ae0e89227dede443f9e2e05ac21db90c","selected":false,"positionAbsolute":{"x":-460,"y":-190},"dragging":false},{"width":249,"height":120,"type":"NumberPicker","data":{"label":"transmission","number":0,"slider":1,"isExposed":false,"isGroupedForExpose":true,"groupName":"glass","float0":1},"position":{"x":-360,"y":290},"id":"_158c80b437120b6f815b740fdbe6c82e","selected":false,"positionAbsolute":{"x":-360,"y":290},"dragging":false},{"width":249,"height":120,"type":"NumberPicker","data":{"label":"Thickness of Glass","number":0,"slider":2.14,"isExposed":true,"isGroupedForExpose":true,"float0":1.57,"groupName":"glass"},"position":{"x":-360,"y":10},"id":"_a7a4a4ad8ef00e8f3ed49cbaf59b4156","selected":false,"positionAbsolute":{"x":-360,"y":10},"dragging":false},{"width":249,"height":120,"type":"NumberPicker","data":{"label":"Roughness of Glass","number":0,"slider":0,"float0":0,"isExposed":true,"isGroupedForExpose":true,"groupName":"glass"},"position":{"x":-360,"y":150},"id":"_ad2cdaddf00dc4fcda901d6f14ef3e3a","selected":false,"positionAbsolute":{"x":-360,"y":150},"dragging":false},{"width":249,"height":120,"type":"NumberPicker","data":{"label":"metalness","number":0,"slider":0,"isExposed":false,"float0":0,"isGroupedForExpose":false,"groupName":""},"position":{"x":-350,"y":430},"id":"_0708fe14feb877b796bcff93844f33a0","selected":false,"positionAbsolute":{"x":-350,"y":430},"dragging":false},{"width":249,"height":194,"type":"PhysicalMaterial","data":{"label":"master","color":"#a0a0a0","isExposed":false,"isGroupedForExpose":false,"groupName":"","isExported":true,"isGroupedForExported":true,"exportName":"raw"},"position":{"x":30,"y":70},"id":"_3f5c1164b9479eb2cc71a56334a58284","selected":false,"positionAbsolute":{"x":30,"y":70},"dragging":false},{"width":249,"height":120,"type":"NumberPicker","data":{"label":"Refraction Index","number":0,"slider":1.46,"isExposed":true,"isGroupedForExpose":true,"float0":1.72,"groupName":"glass"},"position":{"x":-360,"y":-130},"id":"_092dc43c73c1d7906e93f17ae7254e32","selected":false,"positionAbsolute":{"x":-360,"y":-130},"dragging":false},{"width":193,"height":42,"type":"Mesh","data":{"label":"meshItem1","color":"#a0a0a0"},"position":{"x":830,"y":470},"id":"_1177baf99b7ddc2c2e15cc9e23ab5822","selected":false,"positionAbsolute":{"x":830,"y":470},"dragging":false},{"width":1011,"height":1598,"id":"_eb53785a536e2ed117d21466fe3920fd","type":"ExportGroup","data":{"label":"Group","width":1011.1120849982794,"height":1597.7030486017538},"position":{"x":-510,"y":-340},"style":{"zIndex":-1},"selected":false,"positionAbsolute":{"x":-510,"y":-340},"dragging":false},{"width":249,"height":194,"type":"InstanceMaterial","data":{"label":"glass2","color":"#a0a0a0","isExported":false,"isGroupedForExported":false,"exportName":"material2"},"position":{"x":240,"y":450},"id":"_877d44e30fb3553c5daf92687f967293","selected":false,"positionAbsolute":{"x":240,"y":450},"dragging":false},{"width":193,"height":42,"type":"Mesh","data":{"label":"meshItem1","color":"#a0a0a0"},"position":{"x":860,"y":860},"id":"_6ec428213876a559257188818bb07b20","selected":false,"positionAbsolute":{"x":860,"y":860},"dragging":false},{"width":345,"height":42,"type":"ColorPicker","data":{"label":"color","color":"#ffd747","isExposed":true,"isGroupedForExpose":true,"groupName":"jade"},"position":{"x":-420,"y":720},"id":"_443eef76b160a44cebeb8397d1321ddc","selected":false,"positionAbsolute":{"x":-420,"y":720},"dragging":false},{"type":"NumberPicker","data":{"label":"jadeRougness","float0":0.55,"isExposed":true,"isGroupedForExpose":true,"groupName":"jade"},"position":{"x":-350,"y":810},"id":"_6ffae9f55892618dd0acc9c5f18934f3","width":249,"height":120,"selected":false,"dragging":false,"positionAbsolute":{"x":-350,"y":810}},{"type":"Mesh","data":{"label":"meshItem1","color":"#a0a0a0"},"position":{"x":800,"y":1480},"id":"_720867cb41eb9a4c9915406c354115a1","width":193,"height":42,"selected":false,"positionAbsolute":{"x":800,"y":1480},"dragging":false},{"type":"InstanceMaterial","data":{"label":"instanceMaterial1","color":"#a0a0a0"},"position":{"x":170,"y":890},"id":"_e116a68dd57c642c2eb9231d72e9c385","width":249,"height":194,"selected":false,"positionAbsolute":{"x":170,"y":890},"dragging":false},{"type":"TorusBufferGeometry","data":{"label":"torusGeometry1","color":"#a0a0a0"},"position":{"x":890,"y":1380},"id":"_96bc994836ee9aea60652e4cc8d7c4c4","width":193,"height":42,"selected":false,"positionAbsolute":{"x":890,"y":1380},"dragging":false},{"type":"ColorPicker","data":{"label":"colorPicker1","color":"#ff0000"},"position":{"x":-360,"y":970},"id":"_6f0fc75aa48c49e125ad1b72e98e4882","width":345,"height":42,"selected":false,"positionAbsolute":{"x":-360,"y":970},"dragging":false},{"type":"SphereBufferGeometry","data":{"label":"sphereGeometry1","color":"#a0a0a0"},"position":{"x":950,"y":320},"id":"_f88a2ee5f04eb6b49419253c74db6f8c","width":193,"height":42},{"type":"TorusKnotBufferGeometry","data":{"label":"torusKnotGeometry1","color":"#a0a0a0"},"position":{"x":1130,"y":710},"id":"_99d8a7e82ad7082a467f8bac0906fbca","width":193,"height":42},{"type":"NumberPicker","data":{"label":"roughness","float0":0},"position":{"x":-310,"y":1070},"id":"_5b665d002e6960adf5b3d8c26d6378ff","width":249,"height":120,"selected":true,"positionAbsolute":{"x":-310,"y":1070},"dragging":false}]}